[
	{
		"title" : "New York",
		"itemTitle":"Young Game Makers",
		"description":" is a one day event that teaches kids how to code",
		"imgName":"newyork",
		"date" :1422075600000
	},
	{
		"title": "Seattle",
		"itemTitle":"Young Game Makers",
		"description":" is a one day event that teaches kids how to code",
		"imgName":"seattle",
		"date":1424754000000
	},
	{
		"title": "San Francisco",
		"itemTitle":"Young Game Makers",
		"description":" is a one day event that teaches kids how to code",
		"imgName":"sanfran",
		"date":1429848000000
	},
	{
		"title" : "Vancouver",
		"itemTitle":"Young Game Makers",
		"description":" is a one day event that teaches kids how to code",
		"imgName":"vancouver",
		"date":1427169600000
	},
	{
		"title" : "Brighton",
		"itemTitle":"Young Game Makers",
		"description":" is a one day event that teaches kids how to code",
		"imgName":"brighton",
		"date":1443067200000
	},

	{
		"title": "London",
		"itemTitle":"Young Game Makers",
		"description":" is a one day event that teaches kids how to code",
		"imgName":"London",
		"date":1443153600000
	}

	]